id,title,channel,published_at,description,thumbnail,duration,view_count,like_count,tags,category,genre,mood,release_year
J7p4bzqLvCw,Blinding Lights,The Weeknd - Topic,2019-11-29T05:01:00Z,"Provided to YouTube by Universal Music Group Blinding Lights ¬∑ The Weeknd Blinding Lights ‚Ñó 2019 The Weeknd XO, Inc., ...",https://i.ytimg.com/vi/J7p4bzqLvCw/hqdefault.jpg,202,810633068,5747873,"['The Weeknd', '„Ç∂„Ç¶„Ç£„Éº„ÇØ„Ç®„É≥„Éâ', '„Ç∂„Éª„Ç¶„Ç£„Éº„ÇØ„Ç®„É≥„Éâ', 'Blinding Lights', '„Éñ„É©„Ç§„É≥„Éá„Ç£„É≥„Ç∞„É©„Ç§„ÉÑ', '„Éñ„É©„Ç§„É≥„Éá„Ç£„É≥„Ç∞„Éª„É©„Ç§„ÉÑ']",10,unknown,other,2019.0
U0ZoqmyGJo8,Top hits 2024 playlist  ~ Trending music 2024 ~ Best songs 2024 updated weekly (Playlist Hits),Melody Chill Mix,2024-08-12T11:00:26Z,Top hits 2024 playlist ~ Trending music 2024 ~ Best songs 2024 updated weekly (Playlist Hits) Top hits 2024 playlist ~ Trending ...,https://i.ytimg.com/vi/U0ZoqmyGJo8/hqdefault.jpg,3797,61551777,264025,[],10,unknown,other,2024.0
fwg7FrPNmNA,Bruno Mars Playlist 2024 - Best Songs Collection Full Album - The Best Of Bruno Mars - Greatest Hits,Good Energy,2024-07-02T00:00:18Z,Bruno Mars Playlist 2024 - Best Songs Collection Full Album - The Best Of Bruno Mars - Greatest Hits TOP HITS 2024 PLAYLIST: ...,https://i.ytimg.com/vi/fwg7FrPNmNA/hqdefault.jpg,5565,26498375,104859,[],10,unknown,other,2024.0
hOyn0bCydZo,Summer songs to dance ~ Best songs that make you dance,A.C Vibes,2023-04-24T12:00:33Z,Summer songs to dance ~ Best songs that make you dance Donate for A.C Vibes: ‚ñ´ https://bit.ly/acvibes0210 ...,https://i.ytimg.com/vi/hOyn0bCydZo/hqdefault.jpg,3257,19465706,110403,"['A.C Vibes', 'music', 'pop music', 'pop songs', 'chill vibes', 'chill music', 'chill playlist', 'chill songs', 'summer songs to dance', 'best songs that make you dance', 'summer songs', 'happy songs', 'party music', 'good mood music', 'dancing', 'happy music', 'dance party', 'mood booster', 'songs make you dance', 'songs to dance', 'feel good', 'feeling good playlist', 'dance songs', 'party music mix', ""playlist of songs that'll make you dance"", 'good mood', 'feeling good', 'boost your mood', 'throwback songs']",10,pop,happy,
gdGUeX1i0n0,Best Of Arijit Singh 2024 | Arijit Singh Hits Songs | Arijit Singh Jukebox Songs | Indian Songs,ABT Lofi Music,2024-06-13T04:24:38Z,Best Of Arijit Singh 2024 | Arijit Singh Hits Songs | Arijit Singh Jukebox Songs | Indian Songs ‚ñª Better Sound Quality Experience ...,https://i.ytimg.com/vi/gdGUeX1i0n0/hqdefault.jpg,3374,19170019,157414,"['Best Of Arijit Singh 2024', 'Arijit Singh Hits Songs', 'Arijit Singh Jukebox Songs', 'Indian Songs', 'arijit singh', 'arijit singh live', 'arijit singh songs', 'arijit singh mashup', 'arijit singh new song', 'arijit singh ke gaane', 'arijit singh all song', 'arijit singh live song', 'arijit singh jukebox', 'arijit singh audio jukebox', 'jukebox hits', 'Best Of Arijit Singh 2024 | Arijit Singh Hits Songs | Arijit Singh Jukebox Songs | Indian Songs']",10,unknown,other,2024.0
29zyVX_iyHc,24 HIT songs from 2024 in 1 Minute,Logan Alexandra,2024-12-31T20:27:29Z,24 hit songs from 2024 sung in one minute!!! I really hope you enjoy this end of the year mashup. Happy new year! 1.,https://i.ytimg.com/vi/29zyVX_iyHc/hqdefault.jpg,61,17238775,670388,[],10,unknown,happy,2024.0
LElOSR7cJyM,Top 20 Bollywood Romance  | Audio Jukebox | Best Hindi Love Songs | Romantic Bollywood Hits,YRF Music,2025-02-13T10:30:08Z,"20 love anthems, endless feels! Tune in for ultimate heart-eyes and all the butterflies ‚ñª YRF New Releases: ...",https://i.ytimg.com/vi/LElOSR7cJyM/hqdefault.jpg,6097,14599959,77368,"['top bollywood songs', 'hindi songs', 'bollywood songs', 'best bollywood songs', 'best romantic songs', 'romantic songs', 'hindi romantic songs', 'romance songs', 'love songs', 'bollywood love songs', 'hindi love songs', 'valentine song', 'valentine special', 'bollywood valentine songs', 'tujhme rab dikhta hai', 'tujh mein rab dikhta hai', 'lagu india', 'dil diyan gallan song', 'dil diyan gallan', 'haan ke haan', 'haan ki haan song', 'bol na halke halke', 'bol halke halke', 'chand sifarish', 'fanaa song', 'hum tum song']",10,unknown,romantic,
TdeYkT7DEJQ,Ed Sheeran Playlist 2024 - Best Songs Collection Full Album - The Best Of Ed Sheeran - Greatest Hits,Good Energy,2024-07-18T11:00:23Z,Ed Sheeran Playlist 2024 - Best Songs Collection Full Album - The Best Of Ed Sheeran - Greatest Hits Ed Sheeran Playlist 2024 ...,https://i.ytimg.com/vi/TdeYkT7DEJQ/hqdefault.jpg,6466,10053386,48717,[],10,unknown,other,2024.0
JsOaazm1Os4,Govinda 90&#39;s Hits | Video Jukebox | Romantic Love Songs | 90&#39;s Love Songs | Best Of Govinda,Tips Official,2023-12-20T12:30:17Z,Relive the 90s era of Bollywood with the ultimate Govinda 90's Hits Video Jukebox! Stay updated with the latest videos from Tips ...,https://i.ytimg.com/vi/JsOaazm1Os4/hqdefault.jpg,6048,8733225,38847,"['90s hits hindi songs', 'romantic songs', 'govinda songs', 'govinda karishma songs', 'hindi love songs', 'sona kitna sona hai', '90s love songs', 'tum humpe marte ho', 'hero no 1 songs', 'romantic hindi songs', '90s romantic songs', 'tumsa koi pyaara', 'bollywood songs', 'u.p wala thumka', 'husn hai suhana', 'aa jaana aa jaana', 'meri mehbooba', 'main tujhko bhaga laya', 'dil pardesi ho gaya', 'old hindi songs', 'main paidal se jaa raha', 'govinda 90 hits', '90 songs hits video govinda', '90s hits']",10,unknown,romantic,
yszisrGQsmY,Bollywood Dance Hits (Video Jukebox) | Non - Stop Party Songs | Bollywood Dance Songs | T-Series,T-Series,2024-09-21T12:26:08Z,"Presenting the ""Bollywood Dance Hits (Video Jukebox)"". Celebrating life through music, one track at a time. Ready to hit play on ...",https://i.ytimg.com/vi/yszisrGQsmY/hqdefault.jpg,2878,8452400,40202,"['hindi songs 2024', 'hindi songs new', 'bollywood songs 2024', 'bollywood movies 2024', 'tseries', 'tseries songs', 'bollywood dance songs', 'bollywood party songs', 'non stop party songs', 'non stop bollywood songs', 'bollywood song dance', 'bollywood workout songs', 'bollywood party songs 2024', 'party songs bollywood', 'non stop bollywood song', 'bollywood party song', 'party songs hindi', 'party songs punjabi', 'bollywood songs party', 'bollywood dance hits', 'bollywood dance hit', 'bollywood non stop party song']",10,unknown,happy,2024.0
K7o9fUEP3GU,Best of Atif Aslam Romantic Hits - Jukebox | Evergreen Songs Of Atif Aslam | Hindi Love Songs,Music Beats,2024-11-02T04:30:12Z,Best of Atif Aslam Romantic Hits - Jukebox | Evergreen Songs Of Atif Aslam | Hindi Love Songs Song Listing - 00:00 Main Rang ...,https://i.ytimg.com/vi/K7o9fUEP3GU/hqdefault.jpg,2686,7898362,49080,"['atif aslam songs', 'atif aslam mashup', 'atif aslam old songs', 'atif aslam all song', 'atif aslam sad song', 'atif aslam old songs mashup', 'old songs atif aslam', 'best songs atif aslam', 'atif aslam love songs', 'atif aslam love songs collection', 'hits of atif aslam', 'atif aslam romantic songs', 'atif aslam romantic hindi songs collection', 'atif aslam playlist', 'atif aslam collection', 'bollywood songs', 'latest hindi songs', 'bollywood romantic songs', 'love songs', 'hindi songs', 'atif aslam hits']",10,unknown,sad,
JOuYh20WuoM,Best Of Diljit Dosanjh (8D(Audio) || Super Hit Songs of Diljit Dosanjh || Punjabi Jukebox 2024|,Feel Lofi,2024-04-24T17:20:07Z,subscribe us for more.............. #DiljitDosanjh #BornToShine #newsong #newpunjabisong #tranding #trandingsong #love ...,https://i.ytimg.com/vi/JOuYh20WuoM/hqdefault.jpg,1603,6419126,37864,[],10,unknown,romantic,2024.0
Tl4KpUpOOwo,Best of #kk  | kk songs | #Jukebox | Best Bollywood songs of kk | Kk hit songs,MR MIx 2.0,2024-08-26T15:29:22Z,Best of KK | kk songs | Juke box | Best Bollywood songs of kk | Kk hit songs Subscribe now       MRMIX2.0 LIKE SHARE ...,https://i.ytimg.com/vi/Tl4KpUpOOwo/hqdefault.jpg,3204,6217414,49252,"['hindi songs', 'kk all songs', 'best of kk', 'kk songs', 'kk hit songs', 'kk best songs', 'bollywood songs', 'best of kk songs', 'kk songs mashup', 'best bollywood songs of kk', 'kk lofi songs', 'kk top songs', 'best of kk hindi songs collection', 'best of kk songs playlist', 'list of kk songs', 'kk sad songs', 'best of kk mashup', 'kk hindi songs', 'songs of kk', '#best of kk', 'kk live songs', 'kk jukebox', 'kk all hit songs', 'kk best lofi reverb songs | all time hit love song by k k', 'kk hit songs mashup', 'kk']",10,unknown,sad,
bBLMwnnTVO8,2025 Best Of Live On Wish 107.5 BusüéßTop Trending Tagalog Songs Playlist 2025,OPM Wish 2025,2025-01-17T22:00:31Z,2025 Best Of Live On Wish 107.5 Bus  Top Trending Tagalog Songs Playlist 2025 ...,https://i.ytimg.com/vi/bBLMwnnTVO8/hqdefault.jpg,6847,6089454,19257,[],10,unknown,other,2025.0
06mvFeD7r6g,the song that every 2000s kid will never forget,Elise Ecklund,2025-01-06T20:06:09Z,,https://i.ytimg.com/vi/06mvFeD7r6g/hqdefault.jpg,18,4719248,245431,[],10,unknown,other,
2oHmIpMQZqc,G.O.A.T. Dance Hits | Audio Jukebox | Best Dance Songs | Bollywood Dance Hits,YRF Music,2024-07-11T10:32:04Z,Step into the ultimate dance party with the G.O.A.T. Dance Hits Audio Jukebox! ‚ñª Subscribe Now: https://goo.gl/xs3mrY Stay ...,https://i.ytimg.com/vi/2oHmIpMQZqc/hqdefault.jpg,4332,4555563,25381,"['bollywood dance hits', 'audio jukebox', 'bollywood songs', 'hit songs', 'love songs', 'bollywood dance songs', 'hindi dance songs', 'bollywood audio jukebox', 'top dance songs', 'bollywood music', 'bollywood hits', 'dance hits', 'bollywood dance', 'back to back dance songs', 'back 2 back songs', 'back to back bollywood songs', 'bollywood dance playlist', 'dance audio jukebox', 'bollywood playlist', 'hindi dance hits', 'all time hit songs', 'shah rukh khan songs', 'pathaan songs', 'dance songs playlist', 'g.o.a.t song']",10,unknown,happy,
w9dZeLOTCsk,BEST LADY GAGA SONGS ‚≠ê #ladygaga #popmusic #music,vaults.mp3,2024-05-23T18:33:00Z,"In this video we unlock a new vault to you by showcasing the 10 best Lady Gaga Songs. Throughout this video, we'll be ...",https://i.ytimg.com/vi/w9dZeLOTCsk/hqdefault.jpg,59,4386270,195709,"['best Lady Gaga songs', 'best songs limp bizkiz', 'best songs of Lady Gaga', 'Lady Gaga', 'Lady Gaga best of', 'Lady Gaga best songs', 'greatest songs Lady Gaga', 'Lady Gaga greatest songs', 'Lady Gaga best song', 'Lady Gaga best songs playlist', 'Lady Gaga best hits', 'Lady Gaga 2024', 'best of Lady Gaga', 'best of Lady Gaga playlist', 'meilleures chansons de Lady Gaga', 'migliori canzoni Lady Gaga', 'mejores canciones Lady Gaga', 'mejores temas Lady Gaga', 'beste Lady Gaga songs', 'beste Lady Gaga lieder']",10,pop,other,2024.0
xjcwzaj1Pyc,Top Music Playlist 2025 - Best Songs Collection Album - The Best Of Acoustic Cover - Greatest Hits,Good Energy,2025-01-03T00:00:41Z,Top Music Playlist 2025 - Best Songs Collection Album - The Best Of Acoustic Cover - Greatest Hits Top Music Playlist 2025 - Best ...,https://i.ytimg.com/vi/xjcwzaj1Pyc/hqdefault.jpg,4617,4370750,15088,[],10,unknown,other,2025.0
_QTJWGeVhJ4,"Top Songs 2024 - Top Hits English Songs Collection Album 2024 - Ava Max, Ed Sheeran, Charlie Puth...",Good Energy,2024-07-04T12:00:28Z,"Top Songs 2024 - Top Hits English Songs Collection Album 2024 - Ava Max, Ed Sheeran, Charlie Puth... Top Songs 2024 - Top ...",https://i.ytimg.com/vi/_QTJWGeVhJ4/hqdefault.jpg,4008,4230570,33068,[],10,unknown,other,2024.0
8u1Bnxn9PTY,Best Of 90s Hits Hindi Songs Collection | 90s Evergreen Songs | Hindi Love Songs Jukebox,Tips Official,2024-09-17T11:30:06Z,Relive the golden era of Bollywood with this handpicked collection of the Best 90s Hits! From timeless love ballads to iconic ...,https://i.ytimg.com/vi/8u1Bnxn9PTY/hqdefault.jpg,8782,3463555,12277,"['hindi love songs', 'kumar sanu', 'bollywood songs', 'romantic hindi songs', '90s songs', '90s songs hindi', '90s romantic songs', '90s hits hindi songs', 'old hindi songs', 'new songs', '90s bollywood songs', '90s hindi songs', '90s evergreen hindi songs', '90s evergreen hits', 'Kisi Din Banoongi', 'Mujhse Mohabbat Ka Izhaar', 'Phoolon Sa Chehra Tera', '90s Sadabahar Gaane', '90s Hits Hindi Songs', '90s Evergreen Love Songs', 'Kitna Pyara Tujhe Rab Ne Banaya', 'Kisi Disco Mein Jaaye', 'Mushkil Bada Yeh Pyar Hai']",10,unknown,sad,
H76up2GQGw4,"The Top POP Song Every Year! Which Is Your Favorite? (Katy Perry, Justin Bieber, The Weeknd, Dua..)",DJ Precise,2023-02-25T06:48:46Z,popmusic #topsongs #nostalgia.,https://i.ytimg.com/vi/H76up2GQGw4/hqdefault.jpg,59,2926461,167532,[],10,pop,other,
42OYs-Js2ro,Most Popular SZA Songs #sza #sos #ctrl #lana #top10 #best #popular #kendricklamar #music #rnb #rap,WeLuhMusic,2024-12-17T19:10:41Z,shorts #music #weluhmusic #top10rap #bestrap #best.,https://i.ytimg.com/vi/42OYs-Js2ro/hqdefault.jpg,60,2660672,200347,[],10,pop,other,
Xk3O6Pr1HGY,2024 Top Hits (Tamil) - Video Jukebox | Best of 2024 Tamil Songs,Sony Music South,2024-12-07T04:30:12Z,Manasilaayo - 00:00 Dheema - 03:51 Kadharalz - 07:41 Dhinam Dhinamum - 11:38 Chillanjirukkiye - 17:20 Maanja Nee - 21:20 ...,https://i.ytimg.com/vi/Xk3O6Pr1HGY/hqdefault.jpg,5110,2359623,15676,"['Sony Music South', 'Sony Music', 'Latest Song', 'Tamil song', 'Tamil Latest Song', 'Latest songs in Tamil4', 'Songs in Tamil', 'Latest Tamil Movies', 'Tamil Movie Songs', 'Latest Video Songs Tamil', 'latest Tamil Love Songs', 'Latest Tamil Hit Songs', 'Songs in Telugu4', 'Telugu Movie Songs', 'Video Songs Telugu', 'new Telugu Songs']",10,unknown,relaxing,2024.0
L8Mm4MUcL-w,Can you make it to the end? Top Hits Of 2014,Arc North Daily,2023-05-05T14:30:06Z,shorts #hiphop #DJ #music #dancemusic #challange #artist #artistlive #live #liveartist #songs #song #djing #djlive #singer #love ...,https://i.ytimg.com/vi/L8Mm4MUcL-w/hqdefault.jpg,59,2266618,95654,"['Arc North', 'Music video', 'Arc', 'North', 'Billie Eilish', 'Tiktok hits', 'Music', 'Tiktok 2022', 'Songs 2022', 'Arc North Tiktok', 'ark north', 'ark', 'Dj', 'djing', 'music', 'artist', 'art', 'love', 'short', 'shorts', 'hiphop', 'rap', 'dance', 'edm', 'pop', 'dance pop', 'challange', 'dj challange', 'tiktok dj', 'dj tiktok', 'dj live', 'live dj', 'live artist', 'artist live', 'singer', 'producer', 'trend', 'tiktok trend', 'trending', 'viral tiktok', 'viral song', 'trending song', 'magic music', 'music mix', 'dj set', 'live set', 'live music', 'dj live music', 'avicii live', 'fyp']",10,pop,romantic,2014.0
pqWrKxCQqbA,"Spotify Pop Hits 2025 üéµ Trending Pop Songs 2025 | Bruno Mars, Lady Gaga, Billie Eilish, Dua Lipa",Viral Hits UK,2025-03-28T10:39:06Z,"Spotify Pop Hits 2025 Trending Pop Songs 2025 | Bruno Mars, Lady Gaga, Billie Eilish, Dua Lipa Viral Hits UK bring you the ...",https://i.ytimg.com/vi/pqWrKxCQqbA/hqdefault.jpg,6366,1764115,8083,"['spotify top hits 2025', 'pop hits 2025', 'trending pop songs 2025', 'top 40 songs this week 2025', 'most popular pop songs 2025', 'most listened songs 2025', 'best music hits 2025', 'top pop songs 2025', 'pop music mix 2025', 'pop mix 2025', 'best pop songs 2025', 'billboard 2025', 'international music 2025', 'top pop hits 2025', 'trending songs 2025', 'viral music 2025', 'english songs 2025', 'pop music hits 2025', 'top pop music 2025', 'english music 2025', 'new pop songs 2025', 'best english songs 2025']",10,pop,other,2025.0
mE_XjZz6fIg,2000&#39;s music hits ~throwback playlist ~2000s vibes mix,Amazing Melody ‚ô´,2024-12-05T07:00:19Z,"you are on a roadtrip during 2000s summer night while listening to these nostalgic songs by Rihanna, Shakira, Miley Cyrus, ...",https://i.ytimg.com/vi/mE_XjZz6fIg/hqdefault.jpg,7737,1714820,7461,[],10,unknown,other,2000.0
3vuJbMgj4bg,Most popular song 2025 English || English song collection 2025 || Song collection 2025 (Lyrics),Music America 3D,2025-01-23T18:38:02Z,"If this music makes you happy , make sure to like ,subscribe & share it with others I love you So right, you make ...",https://i.ytimg.com/vi/3vuJbMgj4bg/hqdefault.jpg,16,1344218,15541,"['Music', 'songs', 'english songs', 'lyric', 'lyrics', 'song lyric', 'song lyrics', 'pop song', 'best song', 'trending song', 'trending', 'lyric video', 'lyrics video', 'pop', 'us uk', 'pop music', 'spotify', 'music 2022', 'throwback song', 'hits mix', 'playlist', 'cathy', 'old song', 'old songs', 'tiktok song', 'tiktok trending', 'tiktok songs', 'hiphop songs', 'pop songs', 'rap songs', 'relax songs', 'new songs', 'new music', 'hit songs', 'music2025', 'Most popular song 2025', '| Most popular song 2025 English || 2025 song playlist with lyrics']",10,pop,happy,2025.0
EIUOC3DZdxE,Top Hits 2025 - Music 2025 || New Songs  Best English Songs  Best Pop Music Playlist  on Spotify,Top Hits Music,2025-02-12T07:27:54Z,topsongs #topmusic #pophits #popsongs Top Hits 2025 - Music 2025 || New Songs Best English Songs Best Pop Music Playlist ...,https://i.ytimg.com/vi/EIUOC3DZdxE/hqdefault.jpg,59,1147097,6171,"['pop songs', 'shawn mendes', 'ed sheeran', 'top hits 2024', 'maroon 5', 'taylor Swift', 'bruno mars', 'miley cyrus', 'selena gomez', 'rihanna', 'adele', 'miley cyrus lyrics', 'maroon 5 songs', 'taylor swift songs', 'rema calm down', 'calm down', 'calm down lyrics', 'pop', 'pop music', 'pop music 2024', 'top songs 2024', 'top music 2024', 'top music', 'top song', 'top songs', 'top hits', 'billboard top 50 this week', 'billboard hot 100', 'billboard 2024', 'pop hits', 'billboard hot 100 this week', 'the weeknd', 'pop song']",10,pop,relaxing,2025.0
7NgCf0TPgW8,"Top 100 Songs 2024 -  Maroon 5, Ed Sheeran, Selena Gomez, Adele, The Weeknd, Dua Lipa",Dream Music,2024-11-09T10:00:07Z,"Billboard Hot 100Top 100 Songs 2024Maroon 5, Ed Sheeran, Selena Gomez, Adele, The Weeknd, Dua Lipa Welcome to ...",https://i.ytimg.com/vi/7NgCf0TPgW8/hqdefault.jpg,15299,891725,4232,"['adele', 'rihanna', 'the weeknd', 'pop', 'pop hits', 'pop song', 'pop music', 'popular music', 'popular songs', 'popular song', 'pop music 2024', 'pop songs', 'pop hits 2024', 'pop songs 2024', 'top songs 2023', 'top songs 2024', 'top hits 2024', 'top hits', 'hits', 'top songs', 'top song', 'top music', 'hits 2024', 'top 100 songs 2024', 'top 40 songs this week', 'top 100 songs', 'pop radio', 'best english songs', 'best songs 2024', 'billboard', 'billboard 2024', 'billboard hot 100', 'popular songs 2024', 'billboard top 50 this week']",10,pop,other,2024.0
QSs4qakCDhE,Top 10 Iconic Songs Of Vishal Dadlani - Emosical || #shorts  #shortsfeed #vishaldadlani #viral,Emosical,2024-01-23T08:30:08Z,Hiiii !!!!  ‚ù§Ô∏è Top 10 songs of Vishal Dadlani Top 10 best songs of Vishal Dadlani Vishal Dadlani top 10 songs Vishal Dadlani ...,https://i.ytimg.com/vi/QSs4qakCDhE/hqdefault.jpg,61,749853,38315,"['#top10bestsongsofvishaldadlani', '#top10iconicsongsofvishaldadlani', '#top10songsofvishaldadlani', '#vishaldadlanitop10songs', '#vishaldadlanitop10iconicsongs', '#vishaldadlanisongs', '#vishaldadlani', '#viralshorts']",10,unknown,other,
pQmvKIrt3ds,"Top 40 Pop Songs 2025 üé§  Bruno Mars,, Dua Lipa, Adele, Lady Gaga, The Weeknd",Vibe Out Loud,2025-03-06T11:01:07Z,"Top 40 Pop Songs 2025 Bruno Mars,, Dua Lipa, Adele, Lady Gaga, The Weeknd Get ready to elevate your vibe with the best ...",https://i.ytimg.com/vi/pQmvKIrt3ds/hqdefault.jpg,4600,672840,2101,"['top billboard songs 2025', 'top pop songs 2025', 'pop mix 2025', 'top songs this week 2025', 'pop music 2025', 'most listened songs 2025', 'most popular pop songs', 'best pop songs 2025', 'billboard 2025', 'trending songs 2025', 'most popular songs 2025', 'pop hits 2025', 'best pop music', 'billboard hits 2025', 'top songs 2025', 'international music mix']",10,pop,other,2025.0
GFCXwRkKjJ0,Top 40 Songs of 2023 2024 - Billboard Hot 100 This Week - Best Pop Music Playlist on Spotify 2023,Twinkle Top Songs,2024-07-01T08:00:06Z,"Share your thoughts and favorite tracks in the comments! ‚û° If you enjoyed this video like, comment or subscribe to the channel.",https://i.ytimg.com/vi/GFCXwRkKjJ0/hqdefault.jpg,59,632248,3580,"['top songs 2024', 'top songs', 'top music', 'top hits', 'pop songs', 'pop music', 'pop hits', 'pop songs 2024', 'us uk', 'Greatest Hits', 'us uk music', 'best pop songs', 'popular songs', 'best pop music', 'tiktok trending songs', 'billboard top 50 this week', 'top hits music', 'billboard hot 100', 'best pop music playlist', 'billboard hot 100 this week', 'popular song', 'top 100 songs', 'billboard hot', 'top 40 songs this week', 'best english songs', '40 top songs this week', 'trending songs', 'trending music']",10,pop,other,2023.0
bt7kQyYZFcs,Top 10 Most Streamed Songs (2023),Nameless,2023-04-25T15:00:28Z,Top 10 Most Streamed Songs (2023),https://i.ytimg.com/vi/bt7kQyYZFcs/hqdefault.jpg,41,580809,26749,[],10,unknown,other,2023.0
sHzdMcB8hfc,"Top 40 Songs This Week 2025 üé§  Bruno Mars, Dua Lipa, Adele, Lady Gaga, The Weeknd",Vibe Out Loud,2025-03-26T11:01:17Z,"Top 40 Songs This Week 2025 Bruno Mars, Dua Lipa, Adele, Lady Gaga, The Weeknd Get ready to elevate your vibe with the ...",https://i.ytimg.com/vi/sHzdMcB8hfc/hqdefault.jpg,3984,574526,2572,"['top billboard songs 2025', 'top pop songs 2025', 'pop mix 2025', 'top songs this week 2025', 'pop music 2025', 'most listened songs 2025', 'most popular pop songs', 'best pop songs 2025', 'billboard 2025', 'trending songs 2025', 'most popular songs 2025', 'pop hits 2025', 'best pop music', 'billboard hits 2025', 'top songs 2025', 'international music mix']",10,pop,other,2025.0
CrkcQQ7sZDU,Try not to sing! Top Hits of 2010s,Arc North Daily,2022-08-26T00:15:34Z,shorts #hiphop #DJ #music #dancemusic #challange #artist #artistlive #live #liveartist #songs #song #djing #djlive #singer #love ...,https://i.ytimg.com/vi/CrkcQQ7sZDU/hqdefault.jpg,52,524497,34874,"['Arc North', 'Music video', 'Arc', 'North', 'Billie Eilish', 'Tiktok hits', 'Music', 'Tiktok 2022', 'Songs 2022', 'Arc North Tiktok', 'ark north', 'ark', 'Dj', 'djing', 'music', 'artist', 'art', 'love', 'short', 'shorts', 'hiphop', 'rap', 'dance', 'edm', 'pop', 'dance pop', 'challange', 'dj challange', 'tiktok dj', 'dj tiktok', 'dj live', 'live dj', 'live artist', 'artist live', 'singer', 'producer', 'trend', 'tiktok trend', 'trending', 'viral tiktok', 'viral song', 'trending song', 'magic music', 'music mix', 'dj set', 'live set', 'live music', 'dj live music', 'avicii live', 'fyp']",10,pop,romantic,2022.0
VzoFQBMrxUE,"Top 40 Songs This Week 2025 üé§  Bruno Mars, Dua Lipa, Rihanna, Lady Gaga, Ed Sheeran",Vibe Out Loud,2025-04-02T11:30:41Z,"Top 40 Songs This Week 2025 Bruno Mars, Dua Lipa, Rihanna, Lady Gaga, Ed Sheeran Get ready to elevate your vibe with ...",https://i.ytimg.com/vi/VzoFQBMrxUE/hqdefault.jpg,4588,433241,2364,"['top billboard songs 2025', 'top pop songs 2025', 'bruno mars', 'dua lipa', 'rihanna', 'lady gaga', 'ed sheeran', 'pop mix 2025', 'top songs this week 2025', 'pop music 2025', 'most listened songs 2025', 'most popular pop songs', 'best pop songs 2025', 'billboard 2025', 'trending songs 2025', 'most popular songs 2025', 'pop hits 2025', 'best pop music', 'billboard hits 2025', 'top songs 2025', 'international music mix']",10,pop,other,2025.0
PABpxJnCGjM,"Pop Song 2025 - Bruno Mars, Adele, Dua Lipa, Ed Sheeran, Selena Gomez, Maroon 5, Taylor Swift",Pop Music,2025-01-21T11:05:36Z,"Get a sneak peek at the future of pop music with this compilation of songs from Bruno Mars, Adele, Dua Lipa, Ed Sheeran, and ...",https://i.ytimg.com/vi/PABpxJnCGjM/hqdefault.jpg,6555,414776,1479,"['pop', 'pop hits', 'pop song', 'pop music', 'popular music', 'popular songs', 'popular song', 'pop music 2024', 'pop songs', 'pop hits 2025', 'pop songs 2024', 'top songs 2025', 'top songs 2024', 'top hits 2025', 'top hits', 'hits', 'adele', 'rihanna', 'the weeknd', 'top songs', 'top song', 'billboard', 'billboard 2024', 'billboard hot 100', 'popular songs 2025', 'billboard top 50 this week', 'top music', 'hits 2024', 'top 100 songs 2025', 'top 40 songs this week', 'top 100 songs', 'pop radio', 'best english songs', 'best songs 2025']",10,pop,other,2025.0
EVmewUAIdmI,Top Hits Playlist 2025 - Spotify Songs Collection Album - The Best Of Acoustic Cover - Greatest Hits,Good Energy,2025-01-25T01:00:13Z,Top Hits Playlist 2025 - Spotify Songs Collection Album - The Best Of Acoustic Cover - Greatest Hits Top Hits Playlist 2025 ...,https://i.ytimg.com/vi/EVmewUAIdmI/hqdefault.jpg,4157,365082,1338,[],10,unknown,other,2025.0
8Lj9wFaUZIk,Hits Radio 1 Live Pop Radio&#39; Top Hits 2024 - Pop Music 2024 - New Songs 2024 Best English Songs 2024,Radio Hits Music,2025-04-17T14:12:06Z,"Hits Radio 1 - Live Pop Radio' Top Hits 2024 - Pop Music 2024 - New Songs 2024 - Best English Songs 2024, hits playlist, hits ...",https://i.ytimg.com/vi/8Lj9wFaUZIk/hqdefault.jpg,921,278896,840,"['live radio music', 'pop hits 2025', 'top hits 2024', 'pop hits 2024', 'live music', 'live music 2025', 'live music radio', 'radio hits live', 'pop radio live', 'pop radio', 'radio hits 2025', 'greatest hits', 'pop music live', 'english hits', 'pop radyo', 'hit m√ºzik 2024', 'hit radio', 'english radio live', 'english songs 2024', 'hit songs 2025', 'top hits radio', 'music live', 'pop music radio', 'hits', 'hits 2025', 'hits 2024 playlist', 'hits 2024', 'hits radio', 'hit', 'hits music', 'hits music 2024', 'hits music 2025']",10,pop,other,2024.0
gPto4JMeTgA,Greatest Hits 80s Oldies Music üìÄ Best Music Hits 80s Playlist üìÄ Music Hits Oldies But Goodies,80s Greatest Hits,2025-02-25T16:12:54Z,Greatest Hits 80s Oldies Music Best Music Hits 80s Playlist Music Hits Oldies But Goodies Link: ...,https://i.ytimg.com/vi/gPto4JMeTgA/hqdefault.jpg,55,246849,1592,"['80s', '80s greatest hits', '80s music hits', 'best 80s songs', '80s hits', '80s songs', 'best old songs', '80s oldies music', 'greatest 80s songs', 'best 80s hits', 'best oldies song of 1980', 'the best of 80s oldies', '80s songs playlist', 'old songs all time', 'greatest 80s music hits', 'greatest old songs', 'top 80s songs', 'pop of the 80s', '80s music', 'top disco songs', 'disco greatest hits', 'disco music hits', 'best 80s Songs', '80s 90s greatest hits', '80s greatest hits songs', 'madonna', 'michael jackson', 'ccr']",10,pop,other,1980.0
wsJ2LJ9TtFI,top hits of the 2000&#39;s ~nostalgia playlist ~summer hits of the 2000&#39;s radio mix,Amazing Melody ‚ô´,2025-01-08T07:00:38Z,2000smusic #2000snostalgia #2000sthrowbacks #2000shits Help me to get 200.000 subs: ...,https://i.ytimg.com/vi/wsJ2LJ9TtFI/hqdefault.jpg,7161,233222,1329,[],10,unknown,other,2000.0
NtTdainRvQ8,THE BEST 80S SONGS üíø #80smusic #popmusic #80s,Creall‚Äôs Music Vault,2025-03-13T21:00:19Z,10 Best 80s songs of All Time #80smusic #1980s #80s.,https://i.ytimg.com/vi/NtTdainRvQ8/hqdefault.jpg,48,215232,8076,"['the best 80s songs', '80s songs', 'best 80s songs', '1980s songs', 'the best 1980s songs', 'best 1980s songs', '80s', '80s best songs', '1980s best songs', 'best songs 1980s', 'best songs 80s', '1980', '80s pop music', '1980s pop music', 'pop music 80s', 'pop music 1980s']",10,pop,other,1980.0
zbCZV5ATB3g,"Country Songs 2025 üéª Morgan Wallen, Luke Bryan, Chris Stapleton, Luke Combs, Kane Brown, Blake Shel",Country Hits Collection,2025-03-07T12:01:28Z,"countrymusic #countrysongs #newcountrysongs Country Songs 2025 Morgan Wallen, Luke Bryan, Chris Stapleton, Luke ...",https://i.ytimg.com/vi/zbCZV5ATB3g/hqdefault.jpg,59,155451,1162,"['country music', 'country music 2025', 'country music playlist 2025', 'country songs 2025', 'new country music 2025', 'country music 2024', 'country music playlist 2024', 'country music playlist', 'country hits', 'country', 'country song', 'country songs', 'best country songs', 'country playlist', 'country music mix 2025', 'best country music', 'top country songs 2024', 'morgan wallen', 'best country songs 2025', 'top country 2025', 'country song 2025', 'new country songs 2025', 'top country songs 2025', 'luke combs']",10,country,other,2025.0
2hNYFLQaaLo,Best Songs From The 80s #music #80s #nostalgia,Creall‚Äôs Music Vault,2025-03-11T18:00:03Z,The Most Popular Songs From the 80s. These are the best songs from the 1980s. #viralsong #music #80smusic.,https://i.ytimg.com/vi/2hNYFLQaaLo/hqdefault.jpg,48,145928,5130,"['best songs 1980s', '1980s best songs', '80s best songs', 'best songs 80s', '80s music', '80s songs', '1980s songs', '1980s music', 'popular 80s music', 'popular 80s songs', 'popular 1980s music', 'popular 1980s songs', '80s', '1980s', 'best songs', 'best songs from the 1980s', 'best songs from the 80s']",10,pop,other,
N7cYMSgWWmY,Top hits 2025 playlist ~ Trending tiktok songs ~ Best songs 2024 updated weekly (Mix Hits),Melody Chill Mix,2025-05-01T00:00:20Z,Top hits 2025 playlist ~ Trending tiktok songs ~ Best songs 2024 updated weekly (Mix Hits) Top hits 2025 playlist ~ Trending tiktok ...,https://i.ytimg.com/vi/N7cYMSgWWmY/hqdefault.jpg,4395,132322,423,[],10,unknown,other,2025.0
WXYjR-dCBVA,"Billboard Pop Songs 2025 Playlist ‚ú®Ed Sheeran, The Weeknd, Bruno Mars, Rihanna, Sia, Adele, Dua Lipa",Pop Music,2025-02-17T10:39:07Z,topsonghits #billboardhot100 #topsongs **Top Songs Hits: Must-Listen Pop Hits of 2025!** Billboard Pop Songs 2025 Playlist ...,https://i.ytimg.com/vi/WXYjR-dCBVA/hqdefault.jpg,3878,130532,482,"['pop', 'pop hits', 'pop song', 'pop music', 'popular music', 'popular songs', 'popular song', 'pop music 2024', 'pop songs', 'pop hits 2025', 'pop songs 2024', 'top songs 2025', 'top songs 2024', 'top hits 2025', 'top hits', 'hits', 'adele', 'rihanna', 'the weeknd', 'top songs', 'top song', 'billboard', 'billboard 2024', 'billboard hot 100', 'popular songs 2025', 'billboard top 50 this week', 'top music', 'hits 2024', 'top 100 songs 2025', 'top 40 songs this week', 'top 100 songs', 'pop radio', 'best english songs', 'best songs 2025']",10,pop,other,2025.0
zdrQitjzUbc,Rihanna‚Äôs TOP 10 MOST VIEWED Songs On YouTube,DJ GallixC,2023-09-05T14:53:19Z,These are the top 10 MOST VIEWED Rihanna songs on YouTube! Hope you enjoy!,https://i.ytimg.com/vi/zdrQitjzUbc/hqdefault.jpg,61,128834,5933,"['Rihanna', 'Riri', 'Asap rocky', 'Umbrella', 'Jay Z', 'Kanye west', 'What‚Äôs my name', 'Whats my name', 'Drake', 'We found love', 'Calvin Harris', 'Edm', 'Stay', 'Wild thoughts', 'DJ Khaled', 'Can‚Äôt remember to forget you', 'Shakira', 'Work', 'Diamonds', 'Love the way you lie', 'Eminem', 'This is what you came for']",10,rock,romantic,
PSZlMvc4CC8,Hits Radio 1 Live Pop Radio&#39; Top Hits 2024 - Pop Music 2024 - New Songs 2024 Best English Songs 2024,Radio Hits Music,2025-05-06T15:52:24Z,"Hits Radio 1 Live Pop Radio' Top Hits 2024 - Pop Music 2024 - New Songs 2024 Best English Songs 2024 hits playlist, hits ...",https://i.ytimg.com/vi/PSZlMvc4CC8/hqdefault.jpg,10916,89586,308,"['radio live', 'hits radio', 'live radio', 'live music', 'hit radio', 'pop radio', 'hits', 'music live', 'radio hit', 'radio pop', 'hits radio live', 'radio hits 2024', 'fm radio live', 'pop live', 'radio live music', 'hit radio live', 'pop music live', 'live pop music', 'radio hits live', 'hits 2024', 'live music 2024', 'live radio music', 'top hits 2024', 'live radio stations online', 'live music 2025', 'live music radio', 'radio hits 2025', 'new hits', 'music 2025', 'english radio live', 'english songs live', 'radio']",10,pop,other,2024.0
QejQqiLinus,1975 Hit Songs This Week (Songs Turning 50) #music #70smusic #70ssong #70s,Songs You Might Have Missed,2025-05-18T21:33:00Z,These songs were in the top 20 USA music charts this week in May 1975...50 years ago. Out of the 70's tunes we included...which ...,https://i.ytimg.com/vi/QejQqiLinus/hqdefault.jpg,45,2597,139,"['1975', '1975 best songs', '1975 hit songs', '1975 hits', '1975 music', '1975 music hits', '1975 songs', '1975 songs hits', '1975 top 10 songs', '1975 top hits billboard', '1975 top songs', '1975 top songs this month', '1975 top songs this week', '1975 top songs this week billboard', ""70's songs"", 'best songs', 'billboard 1975 top 100 songs', 'old 1975 songs', 'songs of 1975 billboard', 'songs turning 50', 'songs turning 50 in 2025', 'songs turning 50 this year', 'top songs 1975 billboard', 'top songs of 1975']",10,unknown,other,1975.0
eDh3WIyIFDo,‡§ï‡§ø‡§∂‡•ã‡§∞ ‡§ï‡•Å‡§Æ‡§æ‡§∞ ‡§ï‡•á ‡§ü‡•â‡§™ 10 ‡§ó‡§æ‡§®‡•á | ‡§¨‡•á‡§∏‡•ç‡§ü ‡§π‡§ø‡§ü‡•ç‡§∏ | Top 10 songs of Kishore Kumar #shorts #shortsfeed #viral,Family Music Extra,2025-05-18T11:30:37Z,‡§ï‡§ø‡§∂‡•ã‡§∞ ‡§ï‡•Å‡§Æ‡§æ‡§∞ ‡§ï‡•á ‡§ü‡•â‡§™ 10 ‡§ó‡§æ‡§®‡•á | ‡§¨‡•á‡§∏‡•ç‡§ü ‡§π‡§ø‡§ü‡•ç‡§∏ | Top 10 songs of Kishore Kumar #shorts #shortsfeed ...,https://i.ytimg.com/vi/eDh3WIyIFDo/hqdefault.jpg,59,1161,37,"['shorts', 'short', 'ytshorts', 'shortsfeed', 'bollywood', 'hindisongs', 'tranding', 'viralshorts', 'Kishore Kumar songs', 'best Kishore Kumar hits', 'Kishore Kumar top songs', 'retro Hindi songs', 'Kishore Kumar best moments', 'Kishore Kumar playlists', 'greatest hits of Kishore Kumar', 'Kishore Kumar love songs', 'Bollywood classics']",10,unknown,romantic,
